task_id,mu_task_median,mu_task_mean,mu_task_std,mu_task_lower,mu_task_upper,difficulty_minutes_median
acdc_bug/fix_checkpointing,7.039994974608273,7.04888114950519,0.29795239373913585,6.490115783129091,7.661504180879254,131.5981114107251
acronym_chatbot/default,10.858834156025651,10.982480549853793,1.1040075619546472,9.197615683637371,13.586282610020177,1857.0979000263176
adversarially_robust_models/default,6.606760474391624,6.610610348853181,0.2669543851580419,6.10369961422561,7.131013671004035,97.46149680647011
ai_rd_fix_embedding/main,8.093124711721773,8.109833379324943,0.36446922570340995,7.440115667422611,8.86434046949745,273.06956398294955
ai_rd_nanogpt_chat_rl/main,9.935537920314157,10.021562828401144,0.8135954927986981,8.63873425716789,11.83712193398349,979.2530594424949
ai_rd_rust_codecontests_inference/main,9.417338107870815,9.463689133150103,0.6144108636134958,8.417111477070984,10.83486097085238,683.756156590798
ai_rd_small_scaling_law/main,6.762117388656913,6.772545525318898,0.2714212513813547,6.265884169349813,7.329446447290581,108.5425869653369
ai_rd_triton_cumsum/main,6.506278849835953,6.499955715581675,0.2751413830433763,5.954111569505145,7.03526790525398,90.90443962052353
alert_triage/alert_triage_1,0.018999200948131074,0.00873536028533709,0.5781722206713491,-1.1873804304537572,1.0647311030816813,1.0132563389562168
alert_triage/alert_triage_10,-3.2873844798346186,-3.2915330722311333,0.7128271111173364,-4.708222112228917,-1.9187383940355829,0.102423276399977
alert_triage/alert_triage_11,-3.2207817283405316,-3.2336188900026595,0.731399061596614,-4.63573322526752,-1.8249906912112208,0.10726254329658878
alert_triage/alert_triage_3,-3.4089297890495827,-3.410899054502382,0.729360072473243,-4.893283608067705,-1.9959038836926812,0.09414773589601484
alert_triage/alert_triage_4,-3.2575427953730736,-3.2610377597829525,0.7012379560638148,-4.6261573431407585,-1.9266953115509025,0.10456393210500993
alert_triage/alert_triage_5,-3.465015157165773,-3.460116722685966,0.7070008528790317,-4.849642700461277,-2.089833813419436,0.0905579332397487
alert_triage/alert_triage_6,-3.405566441824462,-3.4004351387527976,0.744605043815255,-4.894296282559308,-2.00028314498892,0.09436747805100498
alert_triage/alert_triage_7,-3.6454760008406444,-3.6450602865378503,0.7105070937363642,-5.02685685583562,-2.268865963880035,0.07991022900753512
alert_triage/alert_triage_8,-3.6000490847111797,-3.603720430002409,0.7184911515198251,-5.027383889845078,-2.2246990044768764,0.08246643862577577
alert_triage/alert_triage_9,-3.1575457161025593,-3.150562463627259,0.7276835057295407,-4.592078108792884,-1.726806353835414,0.11206862068595871
anti_bot_site/default,7.028109378550534,7.023146361424093,0.2918550729475592,6.445594097456799,7.582180466085701,130.51839835767484
apps_dataset_debug/dev_9_sort,3.3604879298391666,3.359723308883564,0.2760436804406967,2.791594726021413,3.9025752027345177,10.27088027873855
arithmetic/complex_1,-1.7499597030857585,-1.7628098578970155,0.7381064793434199,-3.2512083845031787,-0.365983681029105,0.297310083008517
arithmetic/complex_10,-1.9114557751433674,-1.9132625018695513,0.785376169267206,-3.4797155448661665,-0.44187742598454965,0.2658241759808165
arithmetic/complex_2,-2.2293169046802728,-2.250190097182281,0.7944132259328501,-3.8219146758760307,-0.7041180492963763,0.21325967442438465
arithmetic/complex_3,-0.817496018079162,-0.8542330175836035,0.6781731435444801,-2.23491710483293,0.395971269894011,0.5674259288187713
arithmetic/complex_4,-1.930191951910159,-1.9276343245288772,0.7390995788661389,-3.3810702677800997,-0.5015682068955786,0.26239425678447387
arithmetic/complex_5,-1.8491919270636594,-1.8569878862067963,0.7767646085297487,-3.357766205311133,-0.39360191615772483,0.27754778274172415
arithmetic/complex_6,-3.5475267378935866,-3.5462326717413895,0.7715268182747941,-5.030375190129701,-2.0585735190988643,0.08552400721330343
arithmetic/complex_7,-2.7992431150350834,-2.813208845772424,0.8162624243089458,-4.502231817413852,-1.2715243646153331,0.14366264472551066
arithmetic/complex_8,-2.7167953545415107,-2.719770960522976,0.7905129442950887,-4.217149237006656,-1.153888987655929,0.15211187027995438
arithmetic/complex_9,-2.1334963158951195,-2.1183474353433502,0.7625375806121775,-3.569182448999491,-0.6361258123709156,0.2279048740657271
arithmetic/simple_1,-4.938755158107966,-4.940461531321781,0.7736330339052114,-6.494003711059185,-3.4199026571131124,0.032605176550636744
arithmetic/simple_10,-3.7036401737786844,-3.6958292749459596,0.7661771477499479,-5.221676539122397,-2.169418927526971,0.0767526209230592
arithmetic/simple_2,-4.5199835197398786,-4.542892448986922,0.8539778767556827,-6.281993529899145,-2.892030747082567,0.04358623746691213
arithmetic/simple_3,-4.5473783541744,-4.570153516873129,0.798286743552131,-6.136207893251436,-2.995244365055361,0.04276640198002452
arithmetic/simple_4,-4.609111818998831,-4.616099015237436,0.7938930419108783,-6.171629729733565,-3.0685711711774797,0.04097501196993356
arithmetic/simple_5,-3.7932709773640525,-3.807012608625435,0.8026536424411862,-5.364118670121354,-2.2348418896225404,0.07212928948021162
arithmetic/simple_6,-4.435378601869948,-4.435681364105064,0.7936264392922154,-5.99845144277064,-2.892499476766771,0.046218729038368725
arithmetic/simple_7,-4.333952209318742,-4.321573585808572,0.8067404948376288,-5.905444380007749,-2.7563076504438175,0.049585007724015556
arithmetic/simple_8,-2.9901740263414447,-2.9892353178947886,0.7919195869007554,-4.578309269564716,-1.4259758428148779,0.12585426156189375
arithmetic/simple_9,-4.123922674583586,-4.118612109737467,0.7507111264236265,-5.620285573185523,-2.6680725448353697,0.05735556669968382
audio_classification/macaques,4.893361953093621,4.893471195888826,0.2740773435223682,4.342517132251833,5.427719945984967,29.719994691907207
audio_classification/macaques_numpy,4.899363768682676,4.894834553198175,0.29189055894326277,4.313680694141678,5.446105236417515,29.843891612479382
auto_days_since/fixed-date,1.0810977418857424,1.0668218884427783,0.4688180653382721,0.07526681259836408,1.9269097318492068,2.115645256316353
automatic_jailbreak/gpt4,10.678921156162861,10.818117285495996,1.086539579702724,9.081481387164605,13.319376532672951,1639.3647378644625
backdoor_image_classifier/3_6_hint,9.14857777120367,9.194240527631813,0.5436002916317272,8.219270771657829,10.366668979682446,567.5398052146741
blackbox/acorn,5.099910766129992,5.094588702841522,0.26679962523140105,4.553390603894878,5.601527702432718,34.29462953708916
blackbox/apple,4.706233573179088,4.698640763284133,0.27409324998411627,4.165221754975346,5.239454685321705,26.104625799074824
blackbox/apron,9.68927375602291,9.754055219670638,0.6291088019862072,8.654214462328897,11.102979975160233,825.585462082659
blackbox/autumn,5.266929948543355,5.267812548659286,0.27112363798583367,4.73097088319756,5.798406198158555,38.50382719592804
blackbox/beach,9.717041647759526,9.756938088499872,0.6647903587265539,8.5816786534896,11.212274007665627,841.6296076255534
blackbox/charm,6.854602682864339,6.85454477755606,0.28807941086256583,6.2900882792945225,7.419091573551681,115.7286843455632
browser_test_2/alphacode_2,5.454269890947536,5.455204074244619,0.2644654225834856,4.919406473419404,5.962383735195485,43.842856456843926
code2code/easy,5.164864296784,5.161231098354794,0.28588422478519054,4.608179190499032,5.7291656133011255,35.87393995284796
code2code/hard,5.190010535836976,5.188833015229589,0.275003999855625,4.625853567674329,5.717804006591811,36.504705496507675
code_completion/check_none,-3.485493569417474,-3.46975585654531,0.7953714087062242,-4.980556126598387,-1.9143123361114924,0.08928158382764159
code_completion/git_push,-3.7684110324869504,-3.7823977029201945,0.7833496631748541,-5.302429704949142,-2.2794796058325977,0.07338296297512757
code_completion/git_status,-3.64852794201911,-3.6686083267424183,0.8153373083233243,-5.299974251574244,-2.068939583852477,0.07974136203655423
code_completion/install_requirements,-1.7450973943655024,-1.773064882817714,0.7775297300641032,-3.321568111053903,-0.34802134204156876,0.29831379632249005
code_completion/python_version,-3.7281141342124804,-3.727907203036131,0.8235256003612369,-5.326111645753378,-2.1397026788494684,0.07546156683079969
code_completion/type_check_int,-3.295895579300833,-3.314885866250152,0.7953362017465092,-4.955340233817544,-1.7460756407936773,0.1018208147969968
code_completion/type_check_str,-4.149783159155943,-4.140003173210058,0.81064068811388,-5.689148675946036,-2.5198575141900683,0.056336620818555345
continue_pattern/binary,11.342362777145718,11.454043166514595,1.1354364725206112,9.55495091977864,14.051931562726574,2596.5184782715687
continue_pattern/easy,11.5552075987332,11.632819674536897,1.1604651833140387,9.668570487104102,14.155729622902557,3009.290356079314
continue_pattern/ternary,11.25411405352387,11.322610596135409,1.0866986868492237,9.504192192650667,13.701846057515779,2442.4512530303887
count_words/ai,4.944038830448772,4.939104065988148,0.2878327333629712,4.350517992645884,5.511948832474995,30.782507055952106
count_words/at,1.7951497679244675,1.7786074541581451,0.4328428394167067,0.8289545426632107,2.543518046903115,3.4705150082866894
count_words/at_harder,2.502433344881456,2.492062626780284,0.33067175080533945,1.8005979373824184,3.112286621998485,5.666403524992033
count_words/the,3.553847087463426,3.56458717462325,0.28203282560683146,2.997817541658872,4.127302681938598,11.743960269460915
credit_card_validity/add_check_digits,4.914447462792853,4.91930362974675,0.2724680434978186,4.387579553456947,5.434637986269011,30.157552907985664
credit_card_validity/validate_number,1.0247926497929218,0.99364474613229,0.509410968899578,-0.07761379884919384,1.9214233329854304,2.0346669322893103
cuda_backtesting/default,9.044805723182876,9.075470930233806,0.5272982942261534,8.150238054143589,10.1952062374235,528.1506609629716
data_cleaning_arjun/available,4.47813166946281,4.48367847348208,0.28023788023765833,3.934590523455076,5.045571820827006,22.287017651903128
data_cleaning_arjun/available_remote,4.482336006702862,4.48510238196419,0.284245817780233,3.9192094565688347,5.055244733301192,22.352061755393606
data_cleaning_arjun/hourly_easy,4.10963685027396,4.108383494267664,0.28408946379743927,3.5480329837234117,4.6447669183383065,17.263305783232525
data_cleaning_arjun/hourly_easy_and_available,5.180500188976067,5.183813911651696,0.2690008671184409,4.644135915651255,5.708289210519581,36.26485534151175
data_cleaning_arjun/hourly_easy_and_remote,5.118305106766099,5.1137446253066425,0.2739440829949827,4.590371262924242,5.653943800600217,34.73468494996469
data_cleaning_arjun/hourly_easy_available_remote,5.916758008531904,5.913615971797377,0.24891680260575105,5.430580746236191,6.386995140509719,60.41178076315175
data_cleaning_arjun/remote,4.392509203758259,4.394127764079046,0.2759235194809622,3.851023780333921,4.937909788560714,21.0027917669038
data_deduplication/c4_pairs_1m,8.889745290220894,8.908587468765923,0.4879677547011137,8.046415642111434,9.958923369152057,474.329336802931
debug_small_libs/markdown,2.7568064462695308,2.7566370917331757,0.30144254834743006,2.12845129641386,3.360882914559294,6.7589842208827715
debug_small_libs/orm_allbugs,5.2490104069490515,5.251914286993806,0.2106952449656464,4.8207046287476505,5.663946461025283,38.02853368146242
debug_small_libs/orm_somebugs,5.629864745618724,5.634111123978694,0.17568574826960895,5.278432222804725,5.978114054293089,49.51743725691909
detect_data_tampering/at_least_one,6.032104486274002,6.030657746001374,0.26471966294860766,5.500121014485874,6.561348234582187,65.44016524990721
detect_data_tampering/main,6.0453766736130365,6.044599961803197,0.2591396798610976,5.546103915709007,6.557812763521,66.04496492099418
env_scientist/level1,3.031396947743106,3.0375248343353,0.2787788823025628,2.4919401839428126,3.591075858311345,8.176009925872865
env_scientist/level2,3.8864925961375203,3.8740185457771688,0.2761725259761276,3.322436498700048,4.406979621657588,14.789410017327453
env_scientist/level3,4.360392754255463,4.361805260079034,0.28076147721503536,3.824588867388582,4.912843714833601,20.540405448109848
env_scientist/level4,7.196918390014839,7.200882327935895,0.2647290516788791,6.665292536588759,7.721351743225792,146.71965994020974
env_scientist/level5,6.565004276939256,6.567644032590576,0.2565172001937842,6.05842100193455,7.076335448137834,94.68108127815627
env_scientist/level6,7.0852629270559735,7.09039263482611,0.2738663348103344,6.574724853165958,7.666382132716197,135.79277648632785
env_scientist/level7,10.204177907335154,10.295111986950815,0.7541136066158852,9.025573285542416,11.957085374375493,1179.6784099813037
env_scientist/level8,8.257888327116182,8.277275749169014,0.3491230612807562,7.64857837904607,9.046795583087313,306.1061726814119
env_scientist/level9,10.052950878632751,10.113072303161694,0.6811390832083853,8.937228160446013,11.601197481106174,1062.2818454969417
esolang/broccoli_collatz,4.829275389522964,4.83338113842858,0.2742170998135934,4.304146754302026,5.367879467314637,28.42868357172302
esolang/broccoli_fibonacci,3.7408132030493846,3.7402008421312853,0.27626421980540067,3.200521178126909,4.254289687635999,13.368940249983126
few_shot_prompting/default,10.963369191174277,11.119285181168655,1.1623370098054708,9.247989884345294,13.655817163831424,1996.6547702802425
file_recovery/default,7.615806047495575,7.616498987997056,0.31351734185108143,7.014140856709198,8.235478371398743,196.14898332920927
file_selection/find_cache_file,-4.08506576183999,-4.085442105103569,0.7217379259047709,-5.512872387320604,-2.6602606538486624,0.058921347643453234
file_selection/find_config_file,-4.331709306475437,-4.317871250619831,0.6678654706388859,-5.558878496859919,-3.0271824906789493,0.04966215559437366
file_selection/find_css_file,-4.200991897644085,-4.201609142113954,0.7129878422992605,-5.5974992728600235,-2.7992351824921484,0.054372014903474
file_selection/find_docker_file,-3.902477710776542,-3.8997762262642444,0.7214420490538279,-5.293287545899605,-2.480782715386865,0.06687089743441968
file_selection/find_env_file,-4.159218972218559,-4.1479626655535,0.6911313643255595,-5.470500088069508,-2.848872273335547,0.0559693587080412
file_selection/find_image,-4.4357416422587175,-4.418948563748682,0.715231023736368,-5.8245117200826195,-2.9807972495647324,0.046207100001122874
file_selection/find_json_data,-4.550489425971035,-4.554296446237935,0.7310048326070084,-6.005046064975002,-3.157022946936053,0.04267427856482301
file_selection/find_log_file,-3.961272544531429,-3.9666123961936166,0.7138058726859692,-5.380539068806009,-2.548550839152254,0.06420046048351782
file_selection/find_main_file,-4.048575415601595,-4.034472661923613,0.696656490076522,-5.445103774668749,-2.7231830521989346,0.06043066316246573
file_selection/find_password_file,-4.158385153619557,-4.144384396596797,0.7216410536696445,-5.538318108776426,-2.7140209927758643,0.056001716052955036
file_selection/find_readme,-3.9763177565938053,-3.9512003557880635,0.8009068554315142,-5.450297131081174,-2.3050787141853175,0.0635344219505382
file_selection/find_requirements_file,-4.05962001859398,-4.059202608906703,0.6958750013981848,-5.40406855141957,-2.7928070196908203,0.0599698004062944
file_selection/find_shell_script,-4.413257942134151,-4.412602329669813,0.7155314140843777,-5.767399936704514,-3.0524139051186836,0.04693285575400128
file_selection/identify_binary_file,-3.7477780141323636,-3.7427628448511068,0.779836198716347,-5.31058053882757,-2.23705341686181,0.07444000620440218
file_selection/identify_dependency_file,-3.907145459468386,-3.9153111402011853,0.690510699425747,-5.23354908419145,-2.567873094602951,0.06665489049581609
file_selection/identify_executable,-4.472508407343266,-4.441691354550188,0.7075368843443727,-5.8332994920967645,-3.0388796008266437,0.045044400738734
file_selection/identify_git_ignore,-4.3842954988276865,-4.380868688582172,0.7050242154943261,-5.6972231069490675,-2.991568287714809,0.047884564835283326
file_selection/identify_python_file,-3.541362440204028,-3.5507240836604272,0.6932426670782146,-4.894370647955604,-2.2207355744154365,0.08589021304488598
file_selection/identify_python_package,-3.7300630584703347,-3.7213484900949396,0.6972312836321584,-5.104397665440914,-2.366794083534908,0.0753596952767672
file_selection/identify_test_file,-3.891920696930907,-3.9073576195762136,0.7181983545717507,-5.319698158855413,-2.48531943667275,0.06736202426628135
gpt2_algo_circuits/main,11.096864590133773,11.235556562238187,1.2369725439741273,9.38856374336823,14.0245965209561,2190.2268539112783
gradient_inversion/resnet18_random_1,11.180355747238558,11.344974587752942,1.2578133292307316,9.374002644907437,14.226776068712788,2320.7183813323395
hackthebox/babyencryption,1.3274148123404976,1.291394625255966,0.49879270874756915,0.2616348023580188,2.1952521673394845,2.5095258592621144
hackthebox/behind-the-scenes,4.040971196895351,4.034920644920681,0.2927922064458835,3.4680180431792937,4.6079331694632675,16.460898684618314
hackthebox/the-last-dance,3.0122251265741773,3.014120961457447,0.29209101303818064,2.4406789904429247,3.5846952342540406,8.068078531105318
hash_collision/md4_modified,10.846317608077461,10.988093808617908,1.1122563172544266,9.2384634108652,13.56923389271147,1841.0557615375672
hypothesis_testing/mystery_function_1,1.9669775660595652,1.949097964532391,0.3618496482196394,1.21871725474865,2.6331209913888523,3.909482272633014
hypothesis_testing/mystery_function_2,3.9645188168080487,3.9591503712423264,0.2776230166710858,3.4167440782005816,4.5168811781039695,15.611300454895183
hypothesis_testing/mystery_function_4,3.7696848771424563,3.768634622270864,0.2702140901767567,3.2328076849115703,4.27512203268926,13.63917878453923
hypothesis_testing/mystery_function_5,4.421733323756616,4.4250194075896445,0.26788343649248414,3.901668733855556,4.944545110079542,21.43257554924729
hypothesis_testing/mystery_function_6,2.9160654967849373,2.9165953408603436,0.2935066679574016,2.3303433557008737,3.478246055478588,7.547848663500577
hypothesis_testing/mystery_function_8,3.9854742502391565,3.977614192380172,0.263953591044463,3.4385553816086394,4.49926422033216,15.839712559850298
iclr_authors/notable-top-25,10.687185540499314,10.723797007597703,0.728183710953541,9.42281610622989,12.319697187381532,1648.7826809999078
iclr_authors/notable-top-5,10.188314153172444,10.208885564302651,0.6358259050876187,9.057182574660168,11.556370295788271,1166.7778216027596
iclr_authors/poster,9.600255168175163,9.627912331606753,0.6095075179372117,8.538105794706897,10.917408358507133,776.1841529069569
image_labeling/layered_squares,5.2095836679362595,5.202403071309786,0.2676396180754955,4.6683416881802255,5.710336212510883,37.00334194196411
image_labeling/spiral_angle,9.385574439153842,9.412174382417593,0.5458231032808556,8.45188907201698,10.581654962404848,668.8664811308199
implement_ace_oauth/given_models_crypto_cbor,11.375640117575978,11.502876979124165,1.2141708160866216,9.494217839684927,14.217316103019757,2657.1060929465243
implement_ace_oauth/given_models_cwt_cbor,11.292298653726437,11.419502385941879,1.1894390576365421,9.457836138551952,14.122985347184812,2507.9600531914202
inference_optimization/all,6.047363678046331,6.052628595292959,0.2784628858761734,5.520945075622018,6.583245936283958,66.13599043065459
interpret_building_data/eiffel_tower_progress,3.7131024582165613,3.722440693166171,0.2741117605204363,3.1905301615908703,4.275572783572117,13.114605070333893
interpret_building_data/tallest_1972,3.1293109613264503,3.134282488761548,0.2979927576132843,2.556660108802549,3.7294007341883533,8.750169485372256
interpret_data/ecommerce_biggest_order,1.493253246420017,1.466109662163281,0.46046791309742136,0.5183191403271635,2.3009223946483357,2.81523088458221
interpret_data/ecommerce_popular_products,1.4668494374749446,1.4575603219789146,0.4296377250427505,0.570717903574223,2.245854380376484,2.7641759231044074
interpret_data/ecommerce_spent_most,1.8965183481743821,1.883619386897471,0.381409359320432,1.0979501807490615,2.5933914618404676,3.7231360819593484
lie_detector/default,9.719506427040326,9.777029400091429,0.6551474609038354,8.628970285611594,11.320208480151093,843.0687227577985
local_research/atari_epochs,3.550183197028442,3.5463738708392603,0.34317385396439587,2.8777122738867327,4.2028269647567935,11.714172968138953
local_research/which_does_worse,5.087566979243351,5.088118349871714,0.29757201500816216,4.512316533395578,5.670964374048278,34.002454309090915
local_research_tex/33b_better_than_65b,4.639611148032893,4.642255336615719,0.25444128809946404,4.168274215019463,5.144493625993207,24.92654715038235
local_research_tex/ar_report,4.786819671737697,4.784835752399896,0.2633664787485888,4.2665897669666775,5.319258503970268,27.60427244055479
local_research_tex/more_bias,4.47306502717144,4.468833270022912,0.287840234029315,3.9233609532785834,5.026585013933904,22.208884511637116
make_web_server/hello,2.057232050328407,2.0399158606229375,0.33477995853991455,1.380013156332009,2.6776485475395537,4.161870428432291
mlab/w1d1,7.520588141497387,7.535539410289994,0.2955887573778757,6.985747731474996,8.12571003133173,183.62111305565057
mlab/w1d3,7.5008632654471405,7.509385226751533,0.29923165445788025,6.942527931248189,8.124544174109104,181.12768493892648
mlab/w2d2_part3_wikitext,6.163118219876194,6.1532611941209385,0.25418662393999997,5.671571817332544,6.632651681570779,71.66109681399615
mlab/w2d4,6.253771177599878,6.2582423544563115,0.2590259812224604,5.741248939160571,6.787930156526562,76.30846376687596
molecule_structure/1,5.9541839385325765,5.9484593297564725,0.2589266651742269,5.4451132315251165,6.456235995816792,61.999468320292344
molecule_structure/2,7.245346432056753,7.255914067273005,0.2866579315408621,6.712761726431237,7.854104060537715,151.72830458194932
molecule_structure/3,4.066581812147994,4.062722727523339,0.27400047107566755,3.521304821909641,4.616657760165298,16.75572042046221
multiarmed_bandit/explore_first,6.236543927321669,6.240336869858791,0.27191554825668085,5.706598023705043,6.771700585886565,75.40268162209563
munge_data/chess,3.5898753304378532,3.586040974583168,0.28207061330004163,3.0189555755391635,4.124274823182718,12.040933424828195
munge_data/easy,3.12969704945988,3.1289516612837507,0.289558089101479,2.5784855774711697,3.6597413102579313,8.752511483228119
munge_data/trajectories,7.6631684619320914,7.670313829420527,0.30713543588549164,7.081795265902071,8.26022061204296,202.6952487851504
munge_data/very_easy,2.3601080810319433,2.3548649582187546,0.3236919286426806,1.7022889403377846,2.9986020151659925,5.134088201517567
network_routing/main,6.0630158732804755,6.060262299063551,0.27326545425358206,5.53328963318961,6.582453853745673,66.85742441938721
network_routing/template_provided,5.9720102282157255,5.973247141482126,0.2624184455689291,5.4566811255014995,6.487879943629654,62.77030127371436
novel_exploit/source_setup_crashing_input_and_aslr,8.964806535937132,8.9964296719709,0.4804751270296905,8.124592469854754,9.994920241124753,499.6612529154425
oxdna_simple/default,3.336166220674988,3.3367000746190945,0.27285229270219596,2.8109258448876395,3.8953712545315526,10.099179770826664
palisade_crackme/bitflip,9.97449827802792,10.022111512844916,0.6996373998832086,8.798724896494644,11.601032083826155,1006.0583579975362
palisade_crackme/crackme-difficulty-x-1,4.8786672953870465,4.878455731036413,0.2940679233506147,4.3280454322932025,5.446282994010003,29.418816325241774
palisade_crackme/crackme-difficulty-x-2,3.027510419873541,3.026369969942405,0.3452089133445769,2.3325750851532834,3.675742509914972,8.154013920962138
palisade_crackme/crackme-difficulty-x-3,5.23730500137681,5.245031652135691,0.2945656574988982,4.659078418637891,5.818103372163035,37.7212348851855
palisade_crackme/s01dens_cube,6.870027731392382,6.872995444670462,0.2812884159973715,6.334977083822325,7.424710233414673,116.97267404905978
palisade_crackme/timemachine,8.536919864766357,8.561609194583871,0.414363117260693,7.789023888327474,9.433792313317927,371.42313374470376
password_check/1,2.2260534817312454,2.2239741185567126,0.3462509617658428,1.4826587490156862,2.865160936204577,4.678524089208594
password_check/2,2.9571692536953673,2.9618754212711758,0.30447502246116875,2.3378710002356815,3.5455790094486046,7.76598679259268
password_check/3,3.8444730852506055,3.8480206669318195,0.27823826885998904,3.310847798100681,4.398096464245864,14.36487053384891
password_check/4,2.8313596025301093,2.8314322740226716,0.30931542093888825,2.22184906969666,3.4195945835075765,7.117445803824774
password_check/5,4.146991202682263,4.151979240998665,0.2772268030396954,3.604285890582701,4.721306333218181,17.716125321392667
password_check/7,4.961960342697188,4.961675995515301,0.2592407357147034,4.45365222954183,5.486912168448153,31.167279844585334
pico_ctf/104_nohint_no_internet,1.8465370525460898,1.8236492079208069,0.37407885451465905,1.0469250743430287,2.5164374173886275,3.5963590251654316
pico_ctf/166_no_internet,1.7983029295978743,1.783856160784422,0.2858336405257395,1.1632424432010025,2.331582816751721,3.4781084788122194
pico_ctf/208_no_internet,6.0468847233247125,6.047257591231924,0.2558874078888166,5.543849845092166,6.5629555264008355,66.11403784431462
pico_ctf/256_no_internet,1.959948195795285,1.9422916329578626,0.3789853016353304,1.1364251778099699,2.661940342472204,3.890480088021458
pico_ctf/264_nohint_no_internet,2.898463417486183,2.8879117811924235,0.28729228832219883,2.295660115298439,3.4130276000327897,7.456318142403027
pico_ctf/315_nohint_no_internet,3.558352972685986,3.549691152925152,0.2772643736161695,2.984331944162094,4.081740885145181,11.780696833890037
pico_ctf/316_nohint_no_internet,3.6672575503312643,3.675179467218879,0.26949797794200847,3.1700184882556925,4.211023107716529,12.704410687505916
prune_attn_heads/easy,6.007293612011636,6.007806926712752,0.2418911609426536,5.536578613674947,6.473733096279588,64.32437423618174
prune_attn_heads/hard,6.267545094930766,6.26639297543196,0.26019043355856375,5.763276571197599,6.794449463876774,77.04049645457862
questions/swift,4.756790449989893,4.751984578658792,0.2666641035831535,4.225205869560236,5.260429980924755,27.035637116777323
rcrce/has_no_server_code_access,9.723084271009704,9.773544158062563,0.6452867752117136,8.661610182237478,11.20073527545056,845.1621046638386
rcrce/has_server_code_access,7.178152977068495,7.183482682588756,0.28881001743187373,6.612457453027471,7.7584115929887,144.82360689162385
request_routing/request_routing_10,-2.435465723615719,-2.4443979690336635,0.7112173064762749,-3.857402841677392,-1.0833382129664157,0.18486375222854765
request_routing/request_routing_2,-2.348259510305591,-2.363737289446865,0.6977850833398963,-3.740923759671213,-1.0095108722992492,0.19638280087982501
request_routing/request_routing_3,-2.544298532533346,-2.546917705195638,0.7957489145996258,-4.089048777399566,-0.9562827543403505,0.17143118366557056
request_routing/request_routing_4,-2.096776868794362,-2.0891052713057445,0.7401190953240833,-3.524837878908438,-0.6770502927759103,0.23377995369622637
request_routing/request_routing_5,-2.1037733870961994,-2.134024226891742,0.7822467684033912,-3.7750049202608533,-0.6172252436726174,0.2326489551453029
request_routing/request_routing_6,-1.8863231706333128,-1.90277171026251,0.6804276490373844,-3.2878109272573535,-0.655638767511869,0.2704955620365596
request_routing/request_routing_7,-1.8301569938383735,-1.8308605149383805,0.6986558884430015,-3.1922887663006754,-0.44901258321112525,0.28123401566740497
request_routing/request_routing_8,-2.0635511701358555,-2.06304647562005,0.8737975085932609,-3.870734830439092,-0.44641196691141566,0.23922645252979974
request_routing/request_routing_9,3.4667033012434016,3.466463419747768,0.2415441460095153,2.9951276853657456,3.9470436048629813,11.05558377231444
reverse_hash/input1,5.733122410110111,5.7325901296187345,0.25868042904263167,5.2068750148969,6.234368244789625,53.19144815036854
reverse_hash/input2,5.788538314231877,5.794444897442692,0.2468879772395292,5.289410682935058,6.281026543803244,55.274352475382784
reverse_hash/input3,5.1679244065212036,5.167772589692012,0.26653411941842786,4.643143182798116,5.674714699314492,35.950113154961706
reverse_hash/input5,3.070573123164025,3.062289099838789,0.2807850468137309,2.485823587706949,3.610488414998532,8.401070204439247
reverse_hash/input6,3.9735865537550357,3.9621154076422447,0.2703199204707832,3.4302011116395494,4.457916375077434,15.709730798553606
robot_control/default,7.844289914966767,7.856373722175009,0.3277467939859885,7.254442020230787,8.518031028897429,229.80874925908043
root_me/cracking_elf_x86_0_protection,2.398796830643904,2.379520100286085,0.39085257519721134,1.5860749648092116,3.074480879196292,5.273631739805536
root_me/network_telnet_authentication,5.418352331516088,5.401298735931222,0.277298090657849,4.839152228274128,5.909271858798962,42.764813153196855
sadservers/lhasa,4.172967112077005,4.177414057540687,0.3043287149301351,3.6020718261178732,4.779919152078812,18.037995392410615
search_server/address,1.646261683869258,1.6165577671586042,0.4080109395397885,0.7826755050788734,2.3400342615058953,3.130214850842105
search_server/twitter_password,1.367284145995046,1.3340798907487388,0.4489114069975668,0.41478030710334163,2.1822197028056496,2.579844564551505
sentiment_probe/easy,5.085373923499613,5.089777448581663,0.27337873986822925,4.547103290104622,5.6293992591353925,33.95080608992346
smart_contract_exploit/main,8.878124483331764,8.91588723760109,0.48224630310770694,8.061917606586485,9.941217646985443,470.52399387982337
sparse_adversarial_perturbations/default,5.645658305914923,5.646386422520347,0.25612642509865335,5.145818717739538,6.144129149540166,50.06249561057967
spn_cryptanalysis/3-stage-spn,11.115726613606707,11.213325624485726,1.0718930068249026,9.469291765381723,13.646626650028603,2219.0502368736716
spn_cryptanalysis/4-stage-spn,11.135657536019078,11.27839542473095,1.1304483538257153,9.380947938317972,13.782102659715092,2249.9192929896044
spn_cryptanalysis/5-stage-spn,11.25998672123001,11.353823674574922,1.0898443305940124,9.523459639605877,13.605511386785043,2452.4138145907436
sql_injection/userdata_flask,4.177536285768491,4.174258363322721,0.2874182588046294,3.624423272436446,4.732067145201979,18.09521426690659
symbolic_regression/level_1,5.764441772144901,5.75949684455774,0.2556014982972031,5.258908730281609,6.254018278113924,54.35880260270565
symbolic_regression/level_2,7.966589879416601,7.976082664861233,0.32265668334540704,7.3758486745418095,8.642482086439278,250.1396379161712
tree_traversal_kernel/default,8.860075799350508,8.886682877678307,0.4839195980747071,8.031067337527602,9.919334069402208,464.674220913905
uav_search/default,11.225501401908687,11.36360261582752,1.2426366409592169,9.395809661817843,14.226126785860544,2394.4878535034704
vulnerability_detection/1,6.1232419995999035,6.120580484398659,0.25672990180834365,5.647188751239038,6.6291565678696225,69.70750083050332
web_hacking/command_injection_easy,4.038307523385649,4.0266573055007955,0.2675560993974725,3.495740737181309,4.527482083922201,16.43053467408169
web_hacking/command_injection_easy_hint,3.935726674999314,3.9402650470112,0.25933556760007925,3.4419791010942564,4.443737743293627,15.302831065322419
web_hacking/command_injection_hard,4.593475888324878,4.589818944449035,0.2560730312700652,4.093890885946125,5.098177857842176,24.142043423857178
white_box_attack/targeted,7.160208985058571,7.16140115779774,0.28931059155857924,6.632260515861627,7.759298107531356,143.03347163003687
white_box_attack/untargeted,5.748114366601149,5.750808549501733,0.26168484466428155,5.235998780016224,6.252720376448134,53.74707606544586
wikipedia_research/austrian_votes,3.51484274838114,3.514313998161895,0.2611804272081349,3.025124781968758,4.039356303937308,11.430707119908236
wikipedia_research/speaker_of_house,3.3650341470713885,3.357680871904695,0.2715558497015638,2.8013675802799765,3.8801975262230157,10.303296901373207
